term,estimate,std.error,statistic,p.value
(Intercept),50.122389800649664,1.4268512796405275,35.127970599204424,1.9250036647507914e-23
groupStress,-34.086650267864144,2.017872431157039,-16.89237126269623,1.549491662320353e-15
difficultyLow,4.654873352642012,1.953796580160571,2.382475944481106,0.024796470941755064
groupStress:difficultyLow,-4.177676275685541,2.7630856217812507,-1.5119604845948857,0.14260454950250093
