term,estimate,std.error,statistic,p.value
(Intercept),539.6042857142859,10.10737850121372,53.3871651931793,4.189240120417647e-28
groupStress,189.5314285714286,14.293991756454686,13.259517131443886,4.448620260283128e-13
difficultyLow,-121.92553571428579,13.840098005893774,-8.809586150500095,2.7698611730539093e-9
groupStress:difficultyLow,-117.46517857142854,19.5728543045078,-6.001433247493968,2.4528937230275756e-6
